label,elevation,slope,distance_to_river,distance_to_coast,land_cover,soil_type,ndvi,rainfall
1,982.8413,15.48138,1138.701,16370.52,1,3,1,3349.8647
1,974.6863,8.009943,747.7754,19248.432,1,3,1,3538.06
1,892.30615,10.606233,268.32816,24026.062,1,3,1,3525.724
1,886.1468,15.514765,367.1294,19767.873,1,3,1,3369.4624
1,869.5797,24.04992,390.0359,14575.738,1,3,1,3472.689
1,867.5609,8.886664,975.40967,23323.615,1,3,1,3543.6946
1,866.5901,12.455631,1457.1863,16130.603,1,3,1,3267.0017
1,857.3734,23.283487,1453.8225,15991.88,1,3,1,3278.9104
1,847.1765,7.1111794,1714.2601,17381.44,1,3,1,3540.0774
1,831.8217,32.231472,192,14761.032,1,3,1,3508.985
1,707.77997,11.794652,122.1147,12631.828,1,3,1,3361.7976
1,707.68427,28.716581,736.565,12107.362,1,3,1,3245.586
1,700.7598,18.51193,171.76729,16520.527,1,3,1,3354.6606
1,688.5352,27.064716,22.627417,23472.72,1,3,1,3561.713
1,687.8074,22.03283,1102.4047,7464.0474,1,3,1,3461.9075
1,685.6213,5.6844144,221.84679,16435.77,1,3,1,3285.139
1,679.11053,7.0776052,1174.911,14472.745,1,3,1,3471.506
1,662.7712,23.758268,251.2051,15027.665,1,3,1,3329.8533
1,658.221,5.4736643,235.28706,14591.449,1,3,1,3320.3372
1,643.1133,13.571222,234.1965,11700.653,1,3,1,3315.923
1,642.52045,6.0843267,328.39,13178.468,1,3,1,3257.7727
1,627.96375,28.825932,33.941124,14597.738,1,3,1,3325.1577
1,617.9265,20.995577,701.678,9209.358,1,3,1,3447.7966
1,604.04,22.964376,46.647614,13221.122,1,3,1,3235.1638
1,591.97833,7.774226,651.49677,9082.344,1,3,1,3436.8018
1,577.6988,17.028915,419.14197,10506.607,1,3,1,3368.7441
1,566.23816,26.972372,628.80206,14228.906,1,3,1,3614.2612
1,566.1135,13.998436,32,9818.595,1,3,1,3474.168
1,565.3332,23.347305,290.87454,9464.676,1,3,1,3447.3625
1,550.63007,27.397865,1255.7961,14698.717,1,3,1,3457.3877
1,548.7724,12.498114,880.9086,9152.252,1,3,1,3445.6545
1,536.25726,4.871903,328,11012.395,1,3,1,3315.458
1,535.1685,10.987976,492.17883,9478.771,1,3,1,3620.67
1,512.2681,12.612664,220.68983,9956.967,1,3,1,3381.03
1,467.59503,49.574234,203.64676,8893.122,1,3,1,3433.0356
1,452.5192,17.683208,214.96046,11849.478,1,3,1,3573.1782
1,444.12878,29.585018,1440.9108,7146.4185,1,3,1,3463.8577
1,434.3245,16.282583,251.07768,9931.175,1,3,1,3667.3389
1,432.78796,54.01834,60.926186,11409.341,1,3,1,3183.973
1,424.77908,15.446418,404.8506,10025.478,1,3,1,3657.583
1,401.1545,9.152139,867.73267,15376.66,1,3,1,3575.6296
1,397.3161,7.490811,1485.8694,12743.025,1,3,1,3874.5457
1,395.6972,13.635004,33.941124,13796.679,1,3,1,3588.2437
1,394.70804,11.567653,1057.514,13006.263,1,3,1,3707.4949
1,392.92902,19.629456,1384.3699,13023.971,1,3,1,3871.6655
1,385.21417,9.530606,390.11792,13511.983,1,3,1,3637.897
1,383.35947,28.469627,408,9235.182,1,3,1,3423.3794
1,374.47345,25.309486,356.78564,11105.098,1,3,1,3616.32
1,371.8825,20.686686,820.7314,13336.525,1,3,1,3126.565
1,342.74988,19.762316,419.14197,10805.702,1,3,1,3627.5574
1,341.8088,17.037754,1262.5055,11805.281,1,3,1,3081.2666
1,338.36148,12.375449,1195.0029,12902.892,1,3,1,3572.036
1,324.37418,31.734497,586.78784,8945.452,1,3,1,3576.6018
1,306.073,28.184559,73.756355,8615.049,1,3,1,3521.3982
1,298.4953,30.11957,1679.6381,7090.3022,1,3,1,3393.6575
1,291.8175,26.774275,1001.7585,13577.478,1,3,1,3759.6602
1,288.59033,15.637387,1382.3574,12431.094,1,3,1,3771.6887
1,273.9449,37.62165,280,9304.716,1,3,1,3633.7937
1,273.89246,11.679097,404.2969,8904.015,1,3,1,3587.401
1,270.4293,5.535197,869.39056,12645.923,1,3,1,3858.901
1,256.80484,23.055492,88,10123.541,1,3,1,3624.955
1,256.254,9.718451,784,12593.975,1,3,1,3857.6614
1,253.40674,12.712733,242.91562,11881.699,1,3,1,3606.8767
1,251.01808,36.592335,175.4537,9764.405,1,3,1,3630.9397
1,250.23007,24.800402,440.65405,7654.198,1,3,1,3611.4885
1,239.23122,42.413525,230.33888,8159.1567,1,3,1,3767.819
1,227.76956,20.968191,864.14813,5316.534,1,3,1,3761.718
1,225.6521,33.264652,2097.9229,1194.9762,1,5,1,3754.5493
1,216.33177,18.419193,665.4923,14136.69,1,3,1,3116.034
1,215.11407,5.2192364,584.4382,7041.4546,1,3,1,3441.5103
1,208.13821,17.068861,685.6238,6571.176,1,3,1,3480.412
1,203.69127,26.673872,164.73009,7154.9165,1,3,1,3451.3782
1,186.86147,26.818232,208.61447,7746.483,1,3,1,3554.0464
1,182.96524,11.931643,1184.2432,19002.957,1,3,1,3689.8523
1,182.64003,31.53524,699.71423,6353.632,1,3,1,3716.1777
1,163.72247,19.5731,798.1178,1737.4004,4,5,1,3795.5806
1,160.955,14.108161,1120,3297.9023,1,5,1,3752.5974
1,152.96399,18.79387,270.7028,15735.561,1,3,1,3713.9766
1,152.1593,15.929726,386.40912,9797.672,1,3,1,3081.661
1,151.2406,16.308022,1595.6742,9709.173,1,5,1,4202.218
1,151.13081,16.253536,1867.3618,5842.6953,1,3,1,3467.3733
1,147.01476,29.171127,697.6532,6308.3438,1,3,1,3718.297
1,146.67232,30.767649,853.4167,10017.61,1,3,1,3071.0051
1,143.84433,33.374153,263.15015,6302.9644,1,3,1,3525.512
1,143.25531,8.09802,2801.9307,9029.587,1,3,1,3399.218
1,137.65022,39.030655,1432.6256,7655.114,1,3,1,3401.275
1,135.88443,53.094044,1273.609,8830.308,1,3,1,3854.1985
1,129.63016,4.1338387,1302.3057,14457.939,1,5,1,3969.1067
1,127.3973,12.852199,160.99689,16446.646,1,3,1,3782.3906
1,125.03311,9.74927,230.89392,15968.032,1,3,1,3742.8213
1,124.33804,29.13687,1630.1558,5441.8936,1,3,1,3488.4653
1,122.83723,24.344263,1579.4277,5895.6904,3,3,1,3472.0312
1,117.016624,24.657967,266.4132,5657.9854,1,3,1,3760.4011
1,109.5458,12.169804,1829.2031,15497.526,1,5,1,3924.869
1,107.9516,14.255888,2384.1208,12179.1455,1,5,1,4026.9236
1,100.94692,23.450228,167.0449,3508.9736,4,5,1,3808.937
1,99.4259,17.285332,5650.2656,275.5068,1,3,1,3561.7068
1,97.21807,14.471173,1327.3492,3191.188,1,5,1,3780.7688
1,93.63371,8.564436,1834.1647,15386.388,1,5,1,3928.2122
1,93.08803,18.669415,2560.3125,4586.624,1,5,1,4146.2427
1,91.12923,17.907318,925.54846,14482.124,1,3,1,3963.06
1,90.06283,9.167312,1031.0073,11804.989,1,3,1,3918.0608
1,87.75511,20.346485,773.3977,5390.8604,1,5,1,4104.8125
1,75.20039,13.797373,5502.5405,323.67886,1,3,1,3562.297
1,74.601295,15.142622,1289.9612,2579.2527,4,5,1,3522.678
1,70.15144,3.676325,5605.1235,368.78177,1,3,1,3562.0874
1,70.01923,35.092186,5446.737,151.78932,1,3,1,3564.0767
1,68.90179,5.863962,5637.73,331.4936,1,3,1,3562.5872
1,66.23998,19.015106,141.76036,2593.8264,1,5,1,3658.155
1,64.64761,38.274326,5546.314,250.43962,1,3,1,3560.2493
1,60.73434,14.890977,701.678,9201.506,3,3,3,3102.9978
1,57.558228,18.724554,846.0733,2215.3645,1,5,1,3691.0518
1,57.300167,44.02649,5318.382,177.62883,1,3,1,3562.275
1,56.35727,25.7995,803.3928,5443.8867,1,3,1,3492.64
1,55.18294,12.665248,493.28287,14692.583,1,3,1,3913.3748
1,53.726414,11.23983,1127.546,6124.573,1,5,1,3878.1455
1,53.684433,21.631638,56,6185.014,1,3,1,3428.7349
1,52.20014,16.39841,2704,9215.059,1,5,1,4068.1443
1,51.016827,27.454473,666.0691,5047.715,1,3,1,3540.458
1,50.526333,15.264545,584.0548,5743.2256,1,5,1,3860.2761
1,49.404034,23.57937,508.11023,4693.062,3,5,1,3570.0837
1,49.053375,10.324665,2093.8003,4789.248,1,3,1,3819.6035
1,48.224655,20.475788,5776.255,208,1,3,1,3563.997
1,46.11534,33.968914,367.04224,6357.9116,4,5,1,3420.0713
1,45.81378,24.818306,605.52124,5469.0635,1,3,1,3651.0073
1,44.657654,16.103037,1490.1704,2369.1348,4,5,5,3530.6208
1,43.445755,17.426403,1672.0192,3693.6443,1,5,5,3551.0151
1,38.488724,27.38003,5577.813,280.11426,1,3,1,3560.2717
1,38.017715,34.220837,5525.7827,121.85237,1,3,1,3560.8599
1,37.90371,16.26291,3481.5537,9757,1,5,1,4075.288
1,34.918873,35.053185,5498.0664,225.42404,1,3,1,3561.0894
1,34.507423,30.08813,1651.8014,20761.703,3,5,1,3693.457
1,34.370327,5.371387,335.80948,6661.5073,5,3,1,3425.4666
1,30.35382,27.68986,5504.372,218.504,1,3,1,3560.9307
1,29.990793,12.255544,5280.7573,135.7645,1,3,1,3556.5254
1,29.299341,4.8677497,24,15264.989,1,3,1,3960.8738
1,26.991953,14.224514,0,3909.144,4,5,1,3431.7297
1,26.16774,25.971981,5697.2695,51.224995,1,3,1,3566.2034
1,25.42273,30.751244,336.38074,6385.8745,3,5,1,4182.3564
1,24.86799,5.4824095,8267.329,68.35203,4,5,1,3892.9119
1,24.667383,7.149483,2322.1646,4083.7473,1,5,1,4119.4985
1,23.691416,10.86841,254.24397,9524.117,5,3,1,3116.2583
1,23.51617,21.509098,786.8113,1308.801,1,5,1,3600.514
1,23.461496,13.20833,8273.138,64,4,5,1,3891.6145
1,22.732512,20.980844,5740.3276,107.33126,1,3,1,3565.4504
1,22.438639,10.099677,8276.417,46.647614,4,5,1,3893.9421
1,21.782036,9.392036,659.6969,2269.5903,4,5,1,3521.482
1,20.229637,21.127003,5293.087,78.79086,1,3,1,3556.3882
1,20.142012,7.1602345,229.08514,3773.7705,3,5,3,3443.0242
1,18.589907,12.314104,863.296,2392.214,5,5,3,3523.547
1,17.730629,8.082604,275.5068,3199.52,3,5,1,3434.666
1,17.394407,19.479683,8256.004,43.081318,4,5,1,3895.522
1,15.37094,4.599143,53.66563,3383.423,4,5,2,3441.7205
1,14.710239,11.658322,367.73904,3283.1594,3,5,3,3537.7004
1,13.695598,22.352507,8199.005,46.647614,4,5,1,3892.9587
1,13.249081,15.919668,565.2893,5254.4653,3,3,1,3713.9197
1,12.649427,9.562708,1095.153,1288.9934,3,5,1,3530.885
1,11.931517,6.8891087,288.4441,4955.1587,1,3,1,3644.7852
1,11.392472,4.406028,3121.2407,262.05344,3,5,1,4115.2236
1,11.1510515,5.593144,568.9007,12664.897,4,5,1,4014.0046
1,11.064836,0.115673535,136.70406,1708.7072,1,5,2,3453.1204
1,11.026694,9.097704,8,7139.246,3,5,3,3159.5432
1,10.387731,1.9238143,1649.5139,1851.1833,3,5,1,3534.3296
1,10.20249,3.511638,120,16836.83,3,5,2,3943.0957
1,9.8082075,19.668697,1746.2188,17.888544,1,5,1,3692.6692
1,9.364256,14.361531,1990.9717,3236.9863,3,5,1,4070.4832
1,9.141053,4.272872,50.596443,1715.156,1,5,4,3455.1018
1,8.999567,26.168175,5897.107,22.627417,1,3,1,3565.7327
1,8.822342,8.013007,5700.1167,226.55684,4,3,1,3417.9045
1,8.673663,16.181614,5353.5723,104.307236,1,3,1,3557.3132
1,8.660173,29.571257,5280.006,17.888544,1,3,1,3565.3745
1,8.164232,3.959733,3540.052,1073.3126,3,5,1,4116.5244
1,8.15461,4.78881,112.28535,1298.1217,1,5,1,3444.1768
1,7.965991,1.5474607,7308.8003,56.568542,1,3,1,3486.4048
1,7.8063455,1.6300327,35.77709,1953.9008,3,5,2,3439.2646
1,7.803951,4.9518943,5996.2656,56,4,3,1,3417.6182
1,7.5775304,6.4941616,16,2350.6526,5,5,4,3478.4778
1,7.4280663,6.4666824,620.967,6280.734,3,5,1,4104.8105
1,7.4099555,18.348637,8232.638,32,4,5,1,3896.7593
1,7.406565,2.9396915,7440.073,107.62899,1,3,1,3486.9272
1,7.4004107,4.5618567,2553.805,86.162636,4,3,1,3358.7856
1,7.0832253,7.7428474,5655.253,203.96078,4,3,1,3417.3096
1,7.059519,12.729135,5427.191,205.67937,1,3,1,3558.5286
1,6.994419,1.3802323,1748.1968,3309.574,3,5,1,3567.332
1,6.9390073,1.9826338,2182.4756,4136.3325,3,5,1,3544.6235
1,6.912737,5.2950745,8065.9204,50.596443,4,5,1,3903.8884
1,6.7961364,11.568724,5231.076,152.83978,1,3,1,3555.9077
1,6.6355057,4.613975,7101.0176,68.8186,1,3,1,3490.3157
1,6.586527,9.208198,1712.897,2151.881,3,5,1,4064.1775
1,6.4185867,6.133319,470.98196,585.3683,3,5,2,3507.9624
1,6.3668456,7.2795267,122.1147,632.80963,3,5,1,3447.9446
1,6.2491045,26.619137,8323.864,17.888544,4,5,1,3893.4626
1,6.19314,0.32102925,73.756355,2185.7722,5,5,4,3506.2766
1,5.9864655,5.2795253,7363.012,139.71399,1,3,1,3490.6016
1,5.9623685,7.9412885,8166.7817,28.84441,4,5,1,3895.1365
1,5.942808,4.6144767,1295.3085,1457.1863,4,5,1,3521.3079
1,5.8332663,6.191395,8121.0405,65.96969,4,5,1,3899.603
1,5.6784754,13.252647,778.7991,1377.6038,4,5,1,4030.894
1,5.631634,21.016592,8313.228,25.298222,4,5,1,3891.2747
1,5.4981937,0.24911112,2458.7998,144,4,3,1,3359.4978
1,5.4175754,2.8677056,8129.4683,56,4,5,1,3898.636
1,5.201573,8.591708,8061.849,46.647614,4,5,1,3904.3772
1,5.100826,8.827613,5226.5723,96,4,3,1,3416.5496
1,4.919024,9.504255,2831.3784,56.568542,4,3,5,3361.7434
1,4.911056,7.396613,7235.999,225.42404,1,3,1,3489.6982
1,4.8225894,0.30882934,144,1846.5969,5,5,4,3500.503
1,4.813636,9.84907,2542.4397,146.86047,4,3,1,3359.281
1,4.802683,0.30718374,168,1858.3778,5,5,4,3499.637
1,4.756187,2.6369865,5251.2,32,4,3,1,3416.1235
1,4.522365,5.4929986,5828.048,96.332756,4,3,1,3418.4949
1,4.4397535,6.021305,2655.2288,101.19289,4,3,1,3359.8115
1,4.396853,8.975274,296.97137,785.8753,4,5,3,3456.4229
1,4.3125167,1.4594433,971.99176,3117.7942,4,5,2,3601.034
1,4.253846,7.9657254,8143.395,25.298222,4,5,1,3896.3606
1,4.2341723,8.462208,3388.2622,6195.5854,1,5,1,4125.938
1,4.219572,11.16658,8025.83,25.298222,4,5,1,3908.8003
1,4.188536,2.7429335,2477.8054,88.362885,4,3,1,3358.694
1,4.1612344,11.001595,2523.946,139.71399,4,3,1,3359.987
1,4.0716786,5.0598645,2517.37,62.482,4,3,1,3360.6492
1,3.9188907,0.6328505,4874.7905,5800.309,3,5,1,4220.1025
1,3.752113,7.147831,2515.3098,28.84441,4,3,1,3360.9329
1,3.642345,0.29847056,4226.4385,7771.0645,1,5,1,4109.498
1,3.629558,1.0115814,401.27795,2015.8254,4,5,3,3629.4375
1,3.5521147,12.756599,8072.777,64,4,5,1,3900.8767
1,3.5413084,1.3765172,65.96969,225.28204,3,5,2,3483.399
1,3.4745314,1.6479052,552.40564,6101.735,3,5,1,4070.5288
1,3.4566255,0.68113256,328.39,1282.8219,5,5,4,3508.7551
1,3.396463,0.593772,472.60977,1131.4274,5,5,4,3465.3389
1,3.3771048,14.946621,8019.1772,17.888544,4,5,1,3908.0745
1,3.1671195,0.80746,197.58542,6509.39,3,5,2,4193.043
1,3.141391,1.9092954,1844.4468,25.298222,4,3,1,3512.7422
1,2.8429165,5.355184,5079.7227,48,1,3,1,3554.4224
1,2.7963846,9.643197,7200.5557,182.42807,1,3,1,3487.3667
1,2.786665,1.6596715,26617.404,8,1,3,1,3729.18
1,2.7798367,0.5966048,33.941124,1398.1703,5,5,3,3498.3481
1,2.669637,9.344107,2769.803,32,4,3,1,3360.1838
1,2.643628,15.713801,8035.1587,17.888544,4,5,1,3902.3674
1,2.5346437,7.090091,1837.0411,16,4,3,1,3512.7463
1,2.4627435,1.923476,8,1181.0233,3,5,2,3442.4182
1,2.4606662,13.118922,8122.2104,67.88225,4,5,1,3901.6328
1,2.4401317,5.252562,8128.508,25.298222,4,5,1,3906.0908
1,2.4251268,5.302414,1835.9259,22.627417,4,3,1,3512.8577
1,2.3900893,7.2870564,1837.6506,16,4,3,1,3512.6907
1,2.3894682,4.531834,26610.662,0,1,3,1,3729.1018
1,2.1655464,7.962789,5436.6167,25.298222,1,3,1,3558.2014
1,2.1199594,22.875097,8314.694,16,4,5,1,3890.4578
1,2.106898,4.450568,5474.812,134.10443,1,3,1,3559.9697
1,2.0433998,5.3388867,8110.635,40,4,5,1,3905.9993
1,1.9605795,0.59812486,1833.7458,32.984844,4,3,1,3513.1377
1,1.9404715,14.746291,2326.3638,16,4,3,1,3358.5574
1,1.919409,2.7217193,1858.9115,32,4,3,1,3512.7966
1,1.8846395,6.8397374,26602.05,11.313708,1,3,2,3729.0671
1,1.7231596,2.579154,1834.9496,28.84441,4,3,1,3512.9695
1,1.7152202,1.9670757,1279.0497,1778.3948,4,5,3,3701.8052
1,1.66271,15.029589,2452.9883,8,4,3,1,3357.882
1,1.588415,0.69670314,956.3263,2009.9751,1,5,2,3694.2603
1,1.5755677,1.6525092,357.23383,437.374,4,5,4,3609.0698
1,1.5248007,0.24757795,1584.9291,2219.3333,3,5,1,3717.484
1,1.431447,7.555925,26632.76,8,1,3,2,3729.293
1,1.4194984,5.5462713,1818.1309,16,4,3,1,3513.1965
1,1.4185747,5.274202,5340.502,152.83978,1,3,1,3561.2322
1,1.3678799,5.22362,5188.5044,152,1,3,1,3555.8218
1,1.3529117,14.118088,2221.711,8,4,3,2,3359.0925
1,1.2652259,2.0313041,1780.1932,2429.1694,3,5,3,3727.6055
1,1.251162,8.3146925,8086.738,16,4,5,1,3908.9666
1,1.2354177,7.177855,1801.1375,16,4,3,1,3513.4753
1,1.1737492,8.314589,1847.6537,8,4,3,1,3512.4614
1,1.0523283,4.5917864,8106.6177,35.77709,4,5,1,3906.4924
1,0.95080215,8.195008,1816.8633,16,4,3,1,3513.4172
1,0.9454741,15.514124,2290.097,16,4,3,1,3358.71
1,0.9047239,7.762477,2852.2776,28.84441,4,3,5,3362.0513
1,0.84981143,1.2200626,240.66574,401.27795,3,5,1,3491.026
1,0.80325526,9.623098,2559.925,8,4,3,4,3361.2341
1,0.7878384,2.940816,195.30489,263.87875,4,3,1,3470.753
1,0.68645954,10.540813,1869.554,8,4,3,1,3512.4495
1,0.6730199,10.993659,1876.371,8,4,3,1,3512.5073
1,0.6398248,8.666137,1824.8595,16,4,3,1,3513.362
1,0.57352716,8.218401,1793.4458,11.313708,4,3,1,3513.479
1,0.44117624,27.306908,7071.371,11.313708,1,3,1,3486.485
1,0.34990847,2.1750584,26643.273,8,1,3,5,3729.2834
1,0.32859612,7.954709,1818.9756,16,4,3,1,3513.087
1,0.28532407,5.4682117,26641.38,8,1,3,4,3729.3276
1,0.007627762,10.519919,26639.502,0,1,3,5,3729.3718
1,0,3.9013395,7665.528,8,1,3,5,3488.2893
1,0,5.8373275,1761.4722,8,4,3,3,3513.715
1,0,4.204294,1768.0724,8,4,3,1,3514.019
1,0,7.522848,1817.3387,8,4,3,4,3512.609
1,0,8.848695,1856.6206,8,4,3,4,3513.2036
1,0,26.016378,5795.811,8,4,3,5,3418.8792
1,0,21.31927,8319.157,8,4,5,2,3889.982
1,0,13.962639,8046.616,32,4,5,1,3901.7524
1,0,13.407599,1821.7003,0,4,3,3,3512.8142
1,0,15.261914,2612.9768,0,4,3,5,3358.4058
1,0,8.638551,1856.8446,8,4,3,2,3513.145
1,0,10.925761,1792.8748,8,4,3,1,3513.586
1,0,9.979312,1824.6315,8,4,3,3,3513.418
1,0,11.462573,1877.5303,0,4,3,3,3512.3901
1,0,25.558403,5761.8887,11.313708,4,3,5,3418.8608
1,0,7.6715636,26593.447,8,1,3,4,3729.0325
1,0,8.065465,1857.1031,11.313708,4,3,2,3513.0867
0,894.51794,19.680834,657.2184,16063.54,1,3,1,3212.376
0,792.27704,34.992462,2566.043,10632.581,1,3,1,3420.9834
0,791.8454,16.316074,154.50566,18864.934,1,3,1,2978.119
0,742.89056,12.750444,16,14442.748,1,3,1,3456.3127
0,715.20966,12.5149,579.76544,17398.953,1,3,1,3051.607
0,638.47546,16.973206,192.33304,14727.583,1,3,1,3573.6143
0,635.78894,11.458319,126.491104,7060.8145,1,5,1,3008.5752
0,629.69214,22.606796,148.80861,6674.225,1,5,1,3008.6675
0,612.7223,11.722938,40.792156,15316.641,1,3,1,3325.0457
0,578.5386,24.347311,311.58948,6961.9907,1,5,1,2983.4746
0,572.9419,36.679413,940.9102,13536,1,3,1,3332.0127
0,524.69995,21.96588,1343.738,18792.375,1,3,1,3632.2188
0,519.55475,8.686204,56,18006.734,1,3,1,3068.425
0,517.1493,39.42018,1187.9125,12746.338,1,3,1,3405.7346
0,511.21927,9.347047,1061.3802,5483.0884,1,3,1,3326.2642
0,499.964,21.210257,293.72095,4414.8984,1,5,1,3336.2957
0,486.772,39.652523,469.34848,12123.735,1,3,1,3194.7866
0,482.45053,30.41673,498.89478,13497.141,1,3,1,3523.3835
0,458.66895,30.878262,114.54257,18529.59,1,3,1,3089.8528
0,430.69437,33.663555,1406.9314,12929.933,1,3,1,3310.2185
0,392.177,10.399556,377.0199,15231.649,4,3,1,3064.3596
0,389.6487,16.486254,2289.6357,10681.321,1,3,1,3402.8047
0,386.43658,32.217083,442.53815,5762.694,1,5,1,3086.684
0,331.89758,32.243366,336,5267.306,1,5,1,3112.7703
0,305.16107,15.391717,880.1818,7471.0107,1,5,1,3051.7266
0,302.96252,12.050352,1463.9126,15173.05,1,3,1,3036.3044
0,277.89133,23.80528,2507.9841,10951.582,1,3,1,3396.1323
0,270.6428,38.787544,3378.4258,10408.23,1,3,1,3424.5864
0,269.6787,2.2686145,426.03287,2672.5508,1,3,1,3533.7256
0,258.09433,10.81134,541.93726,12305.092,1,3,1,3598.0996
0,252.64713,12.241369,974.62195,3943.091,1,5,1,3244.631
0,251.85701,24.03058,447.57123,11370.207,1,3,1,3215.1367
0,250.91502,7.6883025,612.45734,15702.215,1,3,1,3608.793
0,223.96404,15.092543,2108.0266,966.6437,4,5,1,3752.04
0,219.3238,29.923199,761.5143,5256.097,4,3,1,3367.9026
0,215.36955,15.267245,377.35925,8782.648,1,3,1,3278.1494
0,200.49701,23.573061,111.42711,19419.23,1,3,1,3160.323
0,197.90897,35.830868,326.4353,12450.038,1,3,1,3350.592
0,192.9518,47.885983,174.72264,9695.954,1,3,1,3057.3994
0,190.79906,12.973462,832,15480.746,1,3,1,2999.1208
0,185.64276,25.542757,843.156,4735.838,1,5,1,3403.353
0,177.94223,20.500813,833.72894,2711.162,4,5,1,3430.5857
0,177.93628,31.013847,238.66295,4549.982,1,3,1,3435.909
0,172.33952,16.092505,494.83734,6740.032,1,3,1,3798.506
0,169.31148,11.501699,2729.255,11313.85,1,5,1,4051.2136
0,165.49702,13.67576,204.89998,13665.729,1,3,1,3398.6519
0,164.04643,25.10348,120,3436.0627,4,5,1,3397.0444
0,150.93065,8.163538,433.62656,5820.5264,4,3,1,3364.3174
0,146.72571,25.388102,1420.4225,5477.5293,1,3,1,3855.6345
0,139.97316,29.4283,641.2488,10136.871,1,3,1,3181.481
0,132.75015,18.357512,940.1276,3950.9714,1,5,1,3197.512
0,132.24617,19.045767,1959.2162,13038.274,1,5,1,3997.0361
0,131.76357,44.293854,104,12983.189,1,3,1,3395.8643
0,129.76553,22.596727,850.0353,4913.1333,4,5,1,3427.4873
0,120.23124,24.360466,2640.1938,8395.268,1,5,1,4193.939
0,117.74476,6.8599606,1375.814,10458.94,1,3,1,3423.3342
0,110.15605,6.0974402,243.3105,6266.37,4,3,1,3380.3262
0,107.81834,12.829473,691.01666,3169.2927,4,5,1,3495.3376
0,106.84459,17.697052,304.9459,3518.9907,4,5,1,3456.6592
0,102.78019,16.496883,543.17584,3321.6575,4,5,1,3486.1448
0,101.79625,21.346048,923.47174,14790.25,1,5,1,3968.0854
0,93.09574,19.810244,8,6639.5566,4,3,1,3373.5984
0,81.11027,15.81218,244.2294,6506.366,1,3,1,3773.8203
0,80.39373,24.47464,3209.2366,561.88257,1,5,1,3898.0054
0,80.22943,16.35499,182.42807,5831.912,4,5,1,3425.9985
0,77.46401,10.916145,1131.3708,19378.361,1,3,1,3727.0088
0,75.44688,5.3482127,301.25073,5839.655,4,3,1,3415.3545
0,75.17253,4.4475327,160,6174.1343,3,3,1,3406.0403
0,74.661285,14.322326,113.137085,5856.0054,4,5,1,3421.8313
0,74.11093,17.185934,382.4134,3586.1155,3,5,1,3481.1555
0,74.03452,9.901545,139.94284,17515.8,1,3,1,3816.6362
0,71.08948,11.573538,976.29504,5168.155,4,5,1,3435.832
0,62.35772,16.10054,416.69174,3760.1787,4,5,1,3463.7573
0,59.800327,6.666906,919.4781,19801.98,3,3,1,3727.4336
0,57.314976,23.706163,1401.1195,5159.8574,1,5,1,3192.9277
0,52.443905,26.864424,1345.7607,5471.0933,3,5,1,3495.3435
0,51.990265,7.5718083,2731.8447,16787.508,3,5,1,3881.0635
0,49.981552,12.986721,390.60977,6540.7573,3,5,2,3183.3555
0,47.674843,4.800864,1161.2131,9252.103,1,3,1,3451.7937
0,46.721687,17.498167,390.69168,8685.042,4,3,1,3467.8428
0,46.02968,4.334742,504.2539,4670.7466,3,5,1,3434.4573
0,45.333244,6.257896,627.9363,10028.988,1,3,1,3452.3157
0,44.879993,16.071796,8250.762,1253.6538,1,5,1,4228.3037
0,44.095436,12.897584,474.9063,7345.037,3,5,1,3188.2007
0,43.61422,9.395518,1826.5245,6381.022,4,5,1,3428.8762
0,43.336826,30.340458,26655.605,88.362885,1,3,1,3580.592
0,42.39994,10.488586,46.647614,3812.4429,4,5,2,3434.5796
0,41.323303,21.208813,621.32764,8171.3257,4,3,1,3485.6646
0,39.926758,2.0232832,131.20976,6871.027,3,5,1,3172.4304
0,37.905132,4.915497,128.99612,4311.577,3,5,1,3445.3853
0,37.84823,5.088831,198.0707,3708.9126,5,5,2,3471.4473
0,36.134155,4.515748,72,3859.285,5,5,3,3464.3845
0,35.92424,2.3494613,1445.6998,7446.8013,4,5,1,3463.9739
0,34.910755,14.3983135,102.44999,3941.6707,4,5,1,3466.804
0,34.261368,14.471539,644.8318,7874.5767,4,5,1,3434.3271
0,33.712986,5.550367,606.1551,3674.8225,3,5,1,3190.6392
0,31.690533,10.990615,2243.212,6561.951,3,5,1,3430.9744
0,31.590967,5.679168,344,4360.4404,5,5,2,3448.1448
0,31.433773,2.050562,572.7128,7212.833,3,5,1,3446.1433
0,30.954319,26.258528,5289.7485,2272.1267,1,5,1,4099.1084
0,29.868979,9.209002,1913.0708,8575.261,1,5,1,3450.1292
0,29.53262,3.691003,1136.3661,1895.73,3,5,1,3222.4316
0,28.960707,3.189597,518.521,3190.7166,3,5,1,3487.6562
0,28.638956,20.870005,425.13055,4096.5156,3,5,1,3227.7861
0,26.393064,5.8301835,1474.5413,6013.239,3,5,1,3429.9558
0,26.364914,5.3960876,540.8142,5835.1597,3,5,1,3445.721
0,25.688046,11.231082,948.76764,12175.832,1,5,1,4008.696
0,22.27909,11.46265,978.65216,1329.6616,3,5,1,3315.6965
0,22.04632,4.79727,992.2903,23457.098,3,5,1,3717.3286
0,21.761572,0.76898265,900.70197,22685.615,5,5,2,3711.3696
0,21.069683,2.431304,24,21682.215,3,5,1,3668.7559
0,20.475044,19.451136,296.86362,4152.609,3,5,2,3204.6655
0,20.260916,19.35471,819.9122,7953.545,1,3,1,3432.1963
0,20.211676,4.0677023,347.3327,20565.242,3,5,1,3710.5579
0,20.034945,0.16063794,213.01643,22615.648,5,5,1,3689.186
0,18.961205,6.810783,904,3953.1416,3,5,1,3175.9832
0,18.850637,2.7173958,1363.5952,19213.799,3,5,1,3811.128
0,18.23215,2.451497,221.84679,4261.32,5,5,4,3437.2058
0,18.223898,9.683653,2767.6995,16611.777,3,5,2,3883.485
0,18.125908,7.313059,113.137085,6278.879,3,5,1,3450.43
0,17.986532,8.753193,933.2952,4005.8357,3,5,1,3167.6882
0,17.863377,2.2565615,1224.2091,16830.3,3,5,1,3909.9097
0,17.79504,6.0040255,902.4057,4840.106,4,5,1,3444.6538
0,17.668022,19.631975,73.756355,7711.4688,4,5,3,3439.3147
0,17.222898,8.044706,2404.5425,13757.768,3,5,1,3939.1494
0,17.163404,8.620601,398.15576,3116.203,4,5,1,3432.3022
0,17.04753,2.7956295,250.056,20670.396,3,5,1,3700.613
0,16.74355,12.962723,655.0725,7852.863,1,3,1,3433.0676
0,16.322912,2.8744848,2350.5981,14670.735,1,5,1,3943.5608
0,16.316175,10.258199,8,20041.604,3,5,1,3725.4604
0,15.838931,1.8350155,256.12497,18439.725,3,5,1,3847.703
0,15.380382,1.3548096,1360.8468,18660.941,3,5,1,3851.4414
0,15.219781,1.7580323,735.39105,18113.324,3,5,1,3891.6816
0,14.827108,7.695001,1017.13324,2041.521,3,5,1,3219.7446
0,14.704946,7.3904934,2218.54,16017.115,3,5,1,3901.0193
0,13.990457,1.0296178,678.8225,17283.426,3,5,1,3920.1704
0,12.624465,4.1862793,1080.7405,11227.856,3,5,1,3999.7302
0,12.478155,15.721811,407.37207,5699.308,3,5,1,3212.906
0,12.153853,4.291921,407.45062,6507.5957,4,5,1,3288.754
0,12.040039,3.409364,1805.9457,15869.744,4,5,5,3909.8994
0,11.564226,0.5347034,2109.6501,13324.307,3,5,1,3973.1528
0,11.27429,5.4680953,777.0303,11202.356,3,5,1,4009.7957
0,11.090068,1.3191621,1006.25244,15197.221,3,5,1,3944.0566
0,11.050298,0.68350965,792.0404,13684.715,3,5,1,3966.9617
0,10.78177,6.1406493,1161.9845,15232.744,3,5,1,3943.1978
0,9.8605,10.36263,1360,5792.072,3,5,1,3492.888
0,9.680898,4.3596253,278.62518,1505.7224,4,3,1,3379.8118
0,9.074989,1.2062565,605.3098,9870.516,3,5,1,4068.9495
0,8.639191,3.8602877,1963.3767,3224.8337,4,5,1,3440.3315
0,8.462051,18.315542,97.3242,12482.31,3,5,1,4028.2175
0,8.058149,0.556331,3986.8264,1070.0281,4,3,1,3559.077
0,7.8477325,2.2283306,1517.8933,2776.1729,3,5,1,3477.867
0,7.745121,6.018069,736.6953,776,4,3,1,3488.9006
0,7.6182632,1.7507067,136,3347.988,4,5,1,3311.599
0,7.3485994,3.2300003,48,4633.6855,3,5,3,3221.5278
0,6.9898543,1.0891094,883.0855,12381.3125,3,5,1,3999.1174
0,6.9264393,5.0455294,508.11023,1603.077,5,5,2,3444.3171
0,6.919937,3.993624,1352.0947,6593.519,5,5,3,3434.9258
0,6.797783,4.9729505,1614.5142,2169.7852,3,5,1,4061.8809
0,6.713318,2.1834633,1173.194,2472.207,3,5,1,3465.9023
0,6.569918,0.38130218,464.4136,3445.066,3,5,3,3651.2617
0,6.5275135,1.871483,481.33148,11219.776,3,5,1,4031.5195
0,6.0005193,1.9339879,1707.6768,7118.2603,3,5,1,4108.66
0,5.9115047,0.15456855,1377.8824,1566.2439,3,5,1,3476.6006
0,5.5176287,1.6677326,272,7858.7285,3,5,1,4067.1384
0,4.336623,5.3036027,211.81123,139.71399,3,3,2,3238.4214
0,3.8919995,0.26719597,172.69626,1159.1997,5,3,3,3276.7014
0,3.7870908,0.19727923,152,1827.1727,3,5,1,3536.2798
0,3.7392473,0.3024139,1791.0891,747.47577,3,5,1,3245.2397
0,3.4974177,0.33621773,4859.3467,6564.998,3,5,1,4154.57
0,3.1552477,1.0594504,494.77267,4572.334,3,5,1,3491.3152
0,3.0171926,0.5884955,178.88544,1696.0189,3,5,1,3517.7417
0,2.97696,1.6349869,392.3264,1216.342,3,5,2,3538.589
0,2.9662924,1.0861139,160.19987,5258.24,3,5,1,4040.6135
0,2.7775645,1.1189543,4212.8643,2525.391,3,5,1,4118.6255
0,2.7352815,0.6908695,163.16862,2278.259,5,3,2,3436.602
0,2.5689669,1.0493327,272.1176,2715.408,3,5,1,3469.866
0,2.4632452,2.2687867,229.08514,1851.2007,3,5,1,3561.6157
0,2.426487,0.3906345,1971.3468,352.81723,3,3,1,3252.316
0,2.3320477,0.91662604,516.1085,2636.4824,3,5,1,3554.2476
0,2.3286576,0.1820143,1814.096,390.0359,3,3,1,3251.4436
0,2.2594974,0.9876697,948.09283,970.1134,5,3,3,3327.9077
0,2.1425805,0.4275609,450.42203,4507.75,3,5,1,3519.5667
0,1.8218154,1.5339686,107.33126,4195.6016,3,5,1,3488.599
0,1.6402165,2.8371587,3011.073,17.888544,4,3,2,3480.6606
0,1.3713669,0.36832073,1004.5974,2566.1177,3,5,2,3491.8848
0,1.2906978,0.57505816,3161.3364,1380.2725,3,5,1,4011.9436
0,1.2870739,2.5428326,3006.6592,22.627417,4,3,3,3480.5212
0,1.1102508,0.36551005,4073.5007,3965.4832,3,5,1,4211.833
0,1.1056066,4.534756,3010.3076,8,4,3,4,3480.7659
0,1.03077,1.9531841,3045.0906,8,4,3,3,3481.5251
0,1.0142823,1.5438535,2986.101,11.313708,4,3,5,3479.821
0,0.9646519,1.03971,3039.6316,8,4,3,1,3481.4922
0,0.871977,1.4209417,3007.532,16,4,3,5,3480.416
0,0.85776955,0.8059559,3080.8416,8,4,3,5,3480.9915
0,0.8273528,3.793465,126.491104,1199.7333,5,5,3,3225.5015
0,0.81778526,0.8982768,40,432.96188,5,3,3,3365.5693
0,0.81195915,5.00825,3017.941,16,4,3,4,3480.4846
0,0.78942937,1.7284942,3045.4897,8,4,3,3,3481.4204
0,0.7862856,2.1921585,3069.5408,8,4,3,5,3481.0298
0,0.7714208,4.7670035,3004.2957,0,4,3,4,3480.8372
0,0.76599985,2.8540552,3050.5605,8,4,3,5,3481.5579
0,0.75325936,1.965403,3075.4668,11.313708,4,3,5,3480.9585
0,0.7434469,2.4674551,3086.7666,8,4,3,5,3480.9204
0,0.7145744,4.4090724,2987.301,16,4,3,5,3479.7156
0,0.6765275,2.4111075,3015.5332,16,4,3,5,3480.1353
0,0.66895175,4.3527184,3034.1838,8,4,3,1,3481.4592
0,0.66581416,1.7521446,3086.2275,0,4,3,5,3481.0244
0,0.6599827,4.1083317,3040.0527,8,4,3,3,3481.3875
0,0.6597222,1.7315443,3019.722,8,4,3,5,3480.2747
0,0.6134778,4.3679686,2979.89,8,4,3,5,3479.891
0,0.61080295,2.1225634,3092.1423,8,4,3,5,3480.9534
0,0.56699,1.0986432,3072.8438,8,4,3,5,3481.5837
0,0.5623977,1.5827148,3025.83,8,4,3,5,3480.204
0,0.5500129,6.437969,3022.3594,8,4,3,5,3480.6238
0,0.5496017,1.20599,3067.3506,0,4,3,5,3481.5513
0,0.5314642,3.4979815,3070.1035,8,4,3,5,3480.9255
0,0.51070404,3.5804791,3081.4023,11.313708,4,3,5,3480.8875
0,0.50430137,7.309105,2995.3777,11.313708,4,3,4,3480.5579
0,0.4331375,2.1654215,3091.6248,0,4,3,5,3481.0571
0,0.4229543,3.7512999,3064.167,8,4,3,5,3480.9966
0,0.39430374,2.909553,3063.624,0,4,3,5,3481.1008
0,0.36686936,2.1936886,3095.7932,8,4,3,5,3481.401
0,0.35621536,2.4283125,2990.01,8,4,3,5,3479.9614
0,0.30588233,5.339625,3028.325,0,4,3,1,3481.5312
0,0.25507843,1.6839405,3028.5256,8,4,3,5,3479.4373
0,0.23471953,6.269,3015.5862,8,4,3,4,3480.7998
0,0.22192852,0.56588864,3016.0317,8,4,3,5,3479.5764
0,0.21867047,1.191414,3055.7278,0,4,3,5,3481.6953
0,0.2171173,1.6891061,3067.7053,0,4,3,5,3481.4468
0,0.10712382,4.643084,3076.0493,8,4,3,5,3480.8545
0,0.06146764,4.1777425,3058.24,8,4,3,5,3481.0679
0,0,1.0358323,2105.6418,0,4,3,5,3277.6904
0,0,1.0580629,2112.303,0,4,3,5,3277.769
0,0,0.6111053,1546.6299,0,4,3,5,3267.5842
0,0,0.24854952,1536.8539,8,4,3,5,3267.2705
0,0,0.33795422,1547.3953,8,4,3,5,3267.459
0,0,0.34951293,1550.6385,8,4,3,5,3267.5635
0,0,0.22197786,1571.2008,0,4,3,5,3268.064
0,0,1.1612116,2116.737,8,4,3,5,3277.8652
0,0,0.30452183,1553.9164,8,4,3,5,3267.668
0,0,0.21335335,1560.5742,8,4,3,5,3267.8765
0,0,0.78786755,1617.1876,0,4,3,5,3269.163
0,0,0.66514343,1707.302,0,4,3,5,3270.7444
0,0,0.6036868,1726.592,0,4,3,5,3271.2532
0,0,0.81959105,1602.8175,8,4,3,5,3268.8735
0,0,0.18819891,1725.7949,0,4,3,5,3271.1313
0,0,1.8369604,2147.8174,0,4,3,5,3278.2751
0,0,0.36865982,1711.1025,0,4,3,5,3270.8462
0,0,0.67276853,1656.9465,0,4,3,5,3269.925
0,0,0.11884748,1718.7903,8,4,3,5,3271.0498
0,0,0.65674555,1627.9558,8,4,3,5,3269.3486
0,0,0.7635615,1588.5188,11.313708,4,3,5,3268.5835
0,0,1.2762464,2123.3936,0,4,3,5,3277.9438
0,0,1.3330166,2121.1921,0,4,3,5,3277.9617
0,0,0.28020072,1664.0193,8,4,3,5,3270.007
0,0,0.030252146,1631.4509,0,4,3,5,3269.3281
0,0,0.2380687,1649.5139,8,4,3,5,3269.7195
0,0,0.09671833,1733.5651,8,4,3,5,3271.3345
0,0,0.29918808,1635.0756,8,4,3,5,3269.4312
0,0,0.27167308,1609.969,8,4,3,5,3268.9563
0,0,0.022047115,1660.3036,0,4,3,5,3269.9045
0,0,0.19921674,1620.706,8,4,3,5,3269.1423
0,0,1.9224707,2152.2378,8,4,3,5,3278.371
0,0,1.7041346,2141.1475,0,4,3,5,3278.1968
0,0,1.3132836,2127.8345,8,4,3,5,3278.04
0,0,1.9886713,2141.2817,0,4,3,5,3278.3281
0,0,1.256158,2134.4863,0,4,3,5,3278.1184
0,0,1.5433292,2170.1245,8,4,3,5,3278.7537
0,0,1.7266937,2156.9312,8,4,3,5,3278.598
0,0,1.4023833,2132.2964,8,4,3,5,3278.136
0,0,1.6642913,2136.7788,0,4,3,5,3278.2322
0,0,1.2976831,2165.6223,8,4,3,5,3278.6582
0,0,1.3704938,2163.523,8,4,3,5,3278.6758
0,0,1.4517236,2145.5815,8,4,3,5,3278.2927
0,0,1.3321601,2152.4014,8,4,3,5,3278.5022
0,0,0.89486873,2138.9343,8,4,3,5,3278.2144
0,0,0.6976758,2159.007,11.313708,4,3,5,3278.58
0,0,1.0754462,2150.0364,8,4,3,5,3278.3884
0,0,0.74266195,2143.4028,8,4,3,5,3278.3103
0,0,1.052572,2147.892,8,4,3,5,3278.4062
0,0,0.7379958,2154.5115,8,4,3,5,3278.4844
0,0,6.819889,2976.602,0,4,3,4,3480.208
0,0,5.7985406,288,3338.6943,5,5,2,3296.306
0,0,4.82938,3052.8674,0,4,3,5,3481.0347
0,0,4.8415065,3082.0046,0,4,3,5,3480.7837
0,0,8.736296,2990.1707,8,4,3,4,3480.5234
0,0,5.1120067,3040.5156,0,4,3,5,3481.2825
0,0,3.374436,3036.0923,8,4,3,5,3479.2637
0,0,6.9147463,3028.7476,0,4,3,2,3481.4263
0,0,4.0496984,3052.3225,0,4,3,5,3481.1394
0,0,4.809289,3058.805,0,4,3,5,3480.9634
0,0,7.0350766,2982.2944,8,4,3,5,3479.6802
0,0,1.6891061,3068.1018,0,4,3,5,3481.3425
0,0,5.81438,3034.6267,8,4,3,3,3481.3542
0,0,4.4791293,3064.752,0,4,3,5,3480.8923
0,0,4.279495,3016.5518,8,4,3,5,3480.0305
0,0,2.4297185,3023.545,0,4,3,5,3479.4023
0,0,4.595707,3087.3472,8,4,3,5,3480.8167
0,0,6.083121,2993.0051,8,4,3,4,3480.8745
