label,kecamatan,wo_value,lat,lon
1,TUKKA,163,182492.69690870907,488284.0788288944
1,TUKKA,833,193092.69690870907,498500.0788288944
1,TUKKA,781,193204.69690870907,495892.0788288944
1,TUKKA,115,185332.69690870907,487532.0788288944
1,TUKKA,33,186388.69690870907,487092.0788288944
1,TUKKA,403,188660.69690870907,486708.0788288944
1,TUKKA,575,190260.69690870907,493820.0788288944
1,TUKKA,188,188908.69690870907,485716.0788288944
1,TUKKA,911,186780.69690870907,495412.0788288944
1,TUKKA,785,188876.69690870907,493668.0788288944
1,TUKKA,603,188652.69690870907,488284.0788288944
1,TUKKA,914,186628.69690870907,495652.0788288944
1,TUKKA,508,189700.69690870907,489308.0788288944
1,TUKKA,13,186140.69690870907,485756.0788288944
1,TUKKA,10,186556.69690870907,485468.0788288944
1,TUKKA,814,193012.69690870907,496948.0788288944
1,TUKKA,11,187236.69690870907,484548.0788288944
1,TUKKA,473,185596.69690870907,492492.0788288944
1,TUKKA,441,189628.69690870907,489748.0788288944
1,TUKKA,657,191044.69690870907,493564.0788288944
1,TUKKA,716,191788.69690870907,495516.0788288944
1,TUKKA,351,184884.69690870907,492644.0788288944
1,TUKKA,16,185980.69690870907,485916.0788288944
1,TUKKA,528,191076.69690870907,488892.0788288944
1,TUKKA,852,194156.69690870907,497428.0788288944
1,TUKKA,698,187084.69690870907,491700.0788288944
1,TUKKA,9,186476.69690870907,484388.0788288944
1,TUKKA,173,187796.69690870907,486836.0788288944
1,TUKKA,870,188012.69690870907,495780.0788288944
1,TUKKA,937,186476.69690870907,496428.0788288944
1,TUKKA,733,188588.69690870907,493092.0788288944
1,TUKKA,205,182572.69690870907,487300.0788288944
1,TUKKA,343,190564.69690870907,485724.0788288944
1,TUKKA,814,189580.69690870907,495604.0788288944
1,TUKKA,744,193164.69690870907,495652.0788288944
1,TUKKA,146,181348.69690870907,487596.0788288944
1,TUKKA,667,187524.69690870907,494532.0788288944
1,TUKKA,622,188436.69690870907,491668.0788288944
1,TUKKA,890,193420.69690870907,498628.0788288944
1,TUKKA,197,183620.69690870907,491292.0788288944
1,TUKKA,281,183364.69690870907,490612.0788288944
1,TUKKA,389,184052.69690870907,488348.0788288944
1,TUKKA,253,192892.69690870907,486404.0788288944
1,TUKKA,772,187780.69690870907,493316.0788288944
1,TUKKA,528,191420.69690870907,488460.0788288944
1,PANDAN,2,185044.69690870907,483236.0788288944
1,PANDAN,2,186716.69690870907,481396.0788288944
1,PANDAN,103,181492.69690870907,484676.0788288944
1,PANDAN,2,183484.69690870907,481604.0788288944
1,PANDAN,87,181508.69690870907,484716.0788288944
1,PANDAN,19,182852.69690870907,484132.0788288944
1,PANDAN,5,187668.69690870907,482420.0788288944
1,PANDAN,15,189636.69690870907,481644.0788288944
1,PANDAN,149,190172.69690870907,481884.0788288944
1,PANDAN,79,189884.69690870907,482068.0788288944
1,PANDAN,2,187324.69690870907,482172.0788288944
1,PANDAN,16,182948.69690870907,481828.0788288944
1,PANDAN,21,185916.69690870907,482324.0788288944
1,PANDAN,8,181076.69690870907,485020.0788288944
1,PANDAN,1,185724.69690870907,480524.0788288944
1,PANDAN,37,188140.69690870907,481020.0788288944
1,PANDAN,198,191212.69690870907,484900.0788288944
1,PANDAN,-1,183388.69690870907,482380.0788288944
1,PANDAN,0,182508.69690870907,481860.0788288944
1,PANDAN,2,184540.69690870907,481476.0788288944
1,PANDAN,52,190868.69690870907,482116.0788288944
1,PANDAN,4,185924.69690870907,481692.0788288944
1,PANDAN,2,186692.69690870907,481876.0788288944
1,PANDAN,5,187876.69690870907,481764.0788288944
1,PANDAN,45,185948.69690870907,482548.0788288944
1,PANDAN,5,185692.69690870907,482284.0788288944
1,BARUS,5,223876.69690870907,434620.0788288944
1,BARUS,9,224196.69690870907,433028.0788288944
1,BARUS,12,223796.69690870907,436396.0788288944
1,BARUS,15,226948.69690870907,433084.0788288944
1,BARUS,8,224580.69690870907,434188.0788288944
1,BARUS,8,223116.69690870907,436948.0788288944
1,BARUS,12,225228.69690870907,432508.0788288944
1,BARUS,3,222484.69690870907,433556.0788288944
1,BARUS,4,223724.69690870907,434724.0788288944
1,BARUS,8,223012.69690870907,434284.0788288944
1,BARUS,8,223404.69690870907,433044.0788288944
1,BARUS,19,226692.69690870907,432836.0788288944
1,BARUS,12,225236.69690870907,433716.0788288944
1,BARUS,4,222836.69690870907,433348.0788288944
1,BARUS,15,223500.69690870907,435452.0788288944
1,BARUS,130,225036.69690870907,436028.0788288944
1,BARUS,1,222588.69690870907,435644.0788288944
1,BARUS,2,222164.69690870907,434540.0788288944
1,BARUS,10,224748.69690870907,433092.0788288944
1,BARUS,7,224692.69690870907,434572.0788288944
1,BARUS,3,223540.69690870907,435140.0788288944
1,BARUS,0,222492.69690870907,433940.0788288944
1,BARUS,12,224476.69690870907,433076.0788288944
1,BARUS,3,223292.69690870907,433804.0788288944
1,BARUS,10,224516.69690870907,432812.0788288944
1,BARUS,2,222612.69690870907,434740.0788288944
1,PINANGSORI,151,168780.69690870907,485204.0788288944
1,PINANGSORI,35,173868.69690870907,490268.0788288944
1,PINANGSORI,3,168076.69690870907,481916.0788288944
1,PINANGSORI,285,164340.69690870907,486748.0788288944
1,PINANGSORI,127,168596.69690870907,484828.0788288944
1,PINANGSORI,172,162780.69690870907,478676.0788288944
1,PINANGSORI,2,174868.69690870907,486692.0788288944
1,PINANGSORI,-1,167812.69690870907,484204.0788288944
1,PINANGSORI,56,161900.69690870907,486228.0788288944
1,PINANGSORI,5,173620.69690870907,487364.0788288944
1,PINANGSORI,7,175892.69690870907,487932.0788288944
1,PINANGSORI,5,171300.69690870907,486116.0788288944
1,PINANGSORI,4,158428.69690870907,482124.0788288944
1,PINANGSORI,73,162100.69690870907,479284.0788288944
1,PINANGSORI,226,162748.69690870907,477508.0788288944
1,PINANGSORI,286,179244.69690870907,491108.0788288944
1,PINANGSORI,7,169852.69690870907,486652.0788288944
1,PINANGSORI,10,158580.69690870907,478588.0788288944
1,PINANGSORI,13,165940.69690870907,480604.0788288944
1,PINANGSORI,7,158972.69690870907,482268.0788288944
1,PINANGSORI,83,162692.69690870907,486892.0788288944
1,PINANGSORI,299,178540.69690870907,491140.0788288944
1,PINANGSORI,6,168540.69690870907,481292.0788288944
1,PINANGSORI,7,160516.69690870907,475796.0788288944
1,PINANGSORI,34,161020.69690870907,480148.0788288944
1,PINANGSORI,124,161188.69690870907,480596.0788288944
1,KOLANG,1,194780.69690870907,472444.0788288944
1,KOLANG,-1,194748.69690870907,472524.0788288944
1,KOLANG,-1,194756.69690870907,472532.0788288944
1,KOLANG,-1,194804.69690870907,472500.0788288944
1,KOLANG,0,194796.69690870907,472428.0788288944
1,KOLANG,-3,194756.69690870907,472548.0788288944
1,KOLANG,1,194796.69690870907,472436.0788288944
1,KOLANG,-3,194692.69690870907,472540.0788288944
1,KOLANG,-3,194860.69690870907,472516.0788288944
1,KOLANG,-2,194724.69690870907,472484.0788288944
1,KOLANG,2,194804.69690870907,472460.0788288944
1,KOLANG,1,194844.69690870907,472476.0788288944
1,KOLANG,-4,194692.69690870907,472548.0788288944
1,KOLANG,1,194764.69690870907,472468.0788288944
1,KOLANG,0,194788.69690870907,472436.0788288944
1,KOLANG,0,194764.69690870907,472444.0788288944
1,KOLANG,0,194740.69690870907,472460.0788288944
1,KOLANG,2,194796.69690870907,472468.0788288944
1,KOLANG,-1,194764.69690870907,472428.0788288944
1,KOLANG,1,194756.69690870907,472476.0788288944
1,KOLANG,-1,194828.69690870907,472492.0788288944
1,KOLANG,1,194844.69690870907,472468.0788288944
1,KOLANG,-2,194708.69690870907,472508.0788288944
1,KOLANG,-2,194764.69690870907,472532.0788288944
1,KOLANG,0,194836.69690870907,472484.0788288944
1,KOLANG,1,194764.69690870907,472500.0788288944
1,SARUDIK,81,189156.69690870907,473628.0788288944
1,SARUDIK,5,188924.69690870907,474140.0788288944
1,SARUDIK,3,188940.69690870907,474124.0788288944
1,SARUDIK,67,189004.69690870907,473836.0788288944
1,SARUDIK,66,188948.69690870907,473684.0788288944
1,SARUDIK,19,188876.69690870907,473380.0788288944
1,SARUDIK,35,189236.69690870907,473460.0788288944
1,SARUDIK,5,188948.69690870907,474196.0788288944
1,SARUDIK,2,189476.69690870907,473844.0788288944
1,SARUDIK,2,189548.69690870907,473908.0788288944
1,SARUDIK,2,188972.69690870907,474076.0788288944
1,SARUDIK,1,189532.69690870907,473820.0788288944
1,SARUDIK,82,188860.69690870907,473852.0788288944
1,SARUDIK,83,188836.69690870907,473940.0788288944
1,SARUDIK,64,188708.69690870907,473804.0788288944
1,SARUDIK,3,188596.69690870907,473668.0788288944
1,SARUDIK,89,189084.69690870907,473564.0788288944
1,SARUDIK,27,188948.69690870907,473364.0788288944
1,SARUDIK,2,188796.69690870907,474172.0788288944
1,SARUDIK,29,189116.69690870907,473420.0788288944
1,SARUDIK,20,188788.69690870907,473516.0788288944
1,SARUDIK,2,188692.69690870907,474188.0788288944
1,SARUDIK,28,189372.69690870907,473940.0788288944
1,SARUDIK,98,188852.69690870907,473756.0788288944
1,SARUDIK,98,189124.69690870907,473652.0788288944
1,SARUDIK,3,189004.69690870907,474052.0788288944
1,BADIRI,4,174132.69690870907,473148.0788288944
1,BADIRI,3,174228.69690870907,473108.0788288944
1,BADIRI,4,174116.69690870907,473196.0788288944
1,BADIRI,6,174140.69690870907,473164.0788288944
1,BADIRI,2,174108.69690870907,473148.0788288944
1,BADIRI,5,174028.69690870907,473292.0788288944
1,BADIRI,-1,174196.69690870907,472940.0788288944
1,BADIRI,0,174036.69690870907,473212.0788288944
1,BADIRI,14,174164.69690870907,473092.0788288944
1,BADIRI,5,174124.69690870907,473252.0788288944
1,BADIRI,-1,174292.69690870907,473028.0788288944
1,BADIRI,5,174148.69690870907,473268.0788288944
1,BADIRI,19,174236.69690870907,473052.0788288944
1,BADIRI,3,173988.69690870907,473260.0788288944
1,BADIRI,4,174164.69690870907,472964.0788288944
1,BADIRI,-3,173932.69690870907,473412.0788288944
1,BADIRI,6,174028.69690870907,473268.0788288944
1,BADIRI,2,174012.69690870907,473324.0788288944
1,BADIRI,2,173980.69690870907,473268.0788288944
1,BADIRI,-2,173948.69690870907,473268.0788288944
1,BADIRI,4,174060.69690870907,473324.0788288944
1,BADIRI,8,174172.69690870907,472972.0788288944
1,BADIRI,4,173988.69690870907,473372.0788288944
1,BADIRI,4,174076.69690870907,473196.0788288944
1,BADIRI,0,174044.69690870907,473236.0788288944
1,BADIRI,23,174228.69690870907,473044.0788288944
1,LUMUT,55,169172.69690870907,494028.0788288944
1,LUMUT,446,177948.69690870907,496004.0788288944
1,LUMUT,128,166564.69690870907,491940.0788288944
1,LUMUT,12,167172.69690870907,490244.0788288944
1,LUMUT,190,178228.69690870907,493932.0788288944
1,LUMUT,81,165580.69690870907,493756.0788288944
1,LUMUT,14,169172.69690870907,492092.0788288944
1,LUMUT,143,167148.69690870907,491604.0788288944
1,LUMUT,434,178108.69690870907,495444.0788288944
1,LUMUT,126,172444.69690870907,493836.0788288944
1,LUMUT,177,175196.69690870907,492796.0788288944
1,LUMUT,300,180324.69690870907,494884.0788288944
1,LUMUT,51,168580.69690870907,493596.0788288944
1,LUMUT,68,169356.69690870907,493236.0788288944
1,LUMUT,859,183260.69690870907,497372.0788288944
1,LUMUT,140,174588.69690870907,492692.0788288944
1,LUMUT,19,168556.69690870907,490812.0788288944
1,LUMUT,478,178284.69690870907,495956.0788288944
1,LUMUT,120,165724.69690870907,492316.0788288944
1,LUMUT,263,172620.69690870907,492596.0788288944
1,LUMUT,301,179444.69690870907,495100.0788288944
1,LUMUT,525,181884.69690870907,496204.0788288944
1,LUMUT,15,164156.69690870907,492524.0788288944
1,LUMUT,8,169556.69690870907,490100.0788288944
1,LUMUT,301,179372.69690870907,494876.0788288944
1,LUMUT,13,168300.69690870907,490700.0788288944
1,SORKAM,2,204620.69690870907,449532.0788288944
1,SORKAM,0,204476.69690870907,449268.0788288944
1,SORKAM,4,204700.69690870907,449380.0788288944
1,SORKAM,9,204716.69690870907,449452.0788288944
1,SORKAM,5,204652.69690870907,449348.0788288944
1,SORKAM,0,204460.69690870907,449268.0788288944
1,SORKAM,-1,204572.69690870907,449532.0788288944
1,SORKAM,6,204572.69690870907,449316.0788288944
1,SORKAM,0,204460.69690870907,449388.0788288944
1,SORKAM,3,204892.69690870907,449660.0788288944
1,SORKAM,2,204564.69690870907,449492.0788288944
1,SORKAM,8,204708.69690870907,449316.0788288944
1,SORKAM,6,204684.69690870907,449596.0788288944
1,SORKAM,8,204588.69690870907,449484.0788288944
1,SORKAM,8,204540.69690870907,449332.0788288944
1,SORKAM,5,204668.69690870907,449628.0788288944
1,SORKAM,2,204884.69690870907,449356.0788288944
1,SIBABANGUN,446,172844.69690870907,499460.0788288944
1,SIBABANGUN,793,183148.69690870907,506220.0788288944
1,SIBABANGUN,895,186484.69690870907,505860.0788288944
1,SIBABANGUN,447,175068.69690870907,501380.0788288944
1,SIBABANGUN,30,167092.69690870907,494796.0788288944
1,SIBABANGUN,233,172868.69690870907,497684.0788288944
1,SIBABANGUN,479,174940.69690870907,498260.0788288944
1,SIBABANGUN,834,181812.69690870907,503460.0788288944
1,MANDUAMAS,7,231444.69690870907,408668.0788288944
1,MANDUAMAS,6,231636.69690870907,408572.0788288944
1,MANDUAMAS,9,231524.69690870907,408844.0788288944
1,MANDUAMAS,4,231844.69690870907,408724.0788288944
1,MANDUAMAS,4,231564.69690870907,408732.0788288944
1,MANDUAMAS,4,231572.69690870907,408684.0788288944
1,MANDUAMAS,8,231428.69690870907,408724.0788288944
1,MANDUAMAS,8,231572.69690870907,408516.0788288944
1,SOSORGADONG,4,217964.69690870907,428148.0788288944
1,SOSORGADONG,2,217860.69690870907,427572.0788288944
1,SOSORGADONG,8,217860.69690870907,427660.0788288944
1,SOSORGADONG,2,217860.69690870907,427628.0788288944
1,SOSORGADONG,5,218100.69690870907,427660.0788288944
1,SOSORGADONG,3,218132.69690870907,427620.0788288944
1,SOSORGADONG,5,218132.69690870907,428204.0788288944
1,SOSORGADONG,8,218388.69690870907,427772.0788288944
1,TAPIANNAULI,1,172540.69690870907,453300.0788288944
1,TAPIANNAULI,0,172516.69690870907,453324.0788288944
1,TAPIANNAULI,0,172564.69690870907,453292.0788288944
1,TAPIANNAULI,0,172556.69690870907,453292.0788288944
1,TAPIANNAULI,0,172572.69690870907,453300.0788288944
1,TAPIANNAULI,1,172564.69690870907,453300.0788288944
1,TAPIANNAULI,0,172524.69690870907,453324.0788288944
1,TAPIANNAULI,2,172548.69690870907,453316.0788288944
1,PASARIBUTOBING,509,218700.69690870907,457452.0788288944
1,PASARIBUTOBING,11,217844.69690870907,459420.0788288944
1,PASARIBUTOBING,372,220348.69690870907,457268.0788288944
1,PASARIBUTOBING,65,221652.69690870907,460036.0788288944
1,PASARIBUTOBING,413,221740.69690870907,456436.0788288944
1,PASARIBUTOBING,58,215604.69690870907,456292.0788288944
1,PASARIBUTOBING,202,219244.69690870907,456308.0788288944
1,PASARIBUTOBING,345,219676.69690870907,458204.0788288944
1,ANDAMDEWI,76,228492.69690870907,435764.0788288944
1,ANDAMDEWI,1,225044.69690870907,429444.0788288944
1,ANDAMDEWI,58,229332.69690870907,435452.0788288944
1,ANDAMDEWI,0,223564.69690870907,430084.0788288944
1,ANDAMDEWI,17,226532.69690870907,431756.0788288944
1,ANDAMDEWI,30,228140.69690870907,429316.0788288944
1,ANDAMDEWI,56,230036.69690870907,433188.0788288944
1,ANDAMDEWI,16,232284.69690870907,428940.0788288944
1,SITAHUIS,500,195964.69690870907,480180.0788288944
1,SITAHUIS,228,192500.69690870907,484196.0788288944
1,SITAHUIS,612,200028.69690870907,480292.0788288944
1,SITAHUIS,198,205244.69690870907,477156.0788288944
1,SITAHUIS,637,199124.69690870907,481684.0788288944
1,SITAHUIS,526,199164.69690870907,482316.0788288944
1,SITAHUIS,497,193876.69690870907,484684.0788288944
1,SITAHUIS,256,192468.69690870907,484284.0788288944
0,BARUS UTARA,76,227700.69690870907,435132.0788288944
0,BARUS UTARA,88,225524.69690870907,435044.0788288944
0,BARUS UTARA,103,227356.69690870907,435852.0788288944
0,BARUS UTARA,69,227980.69690870907,434612.0788288944
0,BARUS UTARA,37,227316.69690870907,433516.0788288944
0,BARUS UTARA,122,227540.69690870907,439372.0788288944
0,BARUS UTARA,71,225388.69690870907,436076.0788288944
0,BARUS UTARA,205,226676.69690870907,437796.0788288944
0,BARUS UTARA,39,225460.69690870907,437468.0788288944
0,BARUS UTARA,30,226036.69690870907,434532.0788288944
0,BARUS UTARA,138,225372.69690870907,435420.0788288944
0,BARUS UTARA,197,226092.69690870907,438460.0788288944
0,BARUS UTARA,9,224940.69690870907,434372.0788288944
0,BARUS UTARA,19,226932.69690870907,433476.0788288944
0,BARUS UTARA,276,225532.69690870907,438980.0788288944
0,BARUS UTARA,44,226988.69690870907,433836.0788288944
0,BARUS UTARA,97,228100.69690870907,437644.0788288944
0,BARUS UTARA,25,226284.69690870907,434060.0788288944
0,BARUS UTARA,204,225300.69690870907,438956.0788288944
0,BARUS UTARA,32,226132.69690870907,436500.0788288944
0,BARUS UTARA,80,227972.69690870907,437100.0788288944
0,BARUS UTARA,119,227316.69690870907,437620.0788288944
0,BARUS UTARA,13,225460.69690870907,433988.0788288944
0,BARUS UTARA,17,226444.69690870907,433708.0788288944
0,BARUS UTARA,34,226524.69690870907,436316.0788288944
0,SIRANDORUNG,0,224284.69690870907,418924.0788288944
0,SIRANDORUNG,0,224276.69690870907,418956.0788288944
0,SIRANDORUNG,0,224308.69690870907,418956.0788288944
0,SIRANDORUNG,0,224268.69690870907,418940.0788288944
0,SIRANDORUNG,0,224268.69690870907,418948.0788288944
0,SIRANDORUNG,0,224284.69690870907,418916.0788288944
0,SIRANDORUNG,0,224284.69690870907,418940.0788288944
0,SIRANDORUNG,0,224276.69690870907,418972.0788288944
0,SIRANDORUNG,0,224284.69690870907,418964.0788288944
0,SIRANDORUNG,0,224284.69690870907,418956.0788288944
0,SIRANDORUNG,0,224292.69690870907,418964.0788288944
0,SIRANDORUNG,0,224292.69690870907,418956.0788288944
0,SIRANDORUNG,0,224260.69690870907,418956.0788288944
0,SIRANDORUNG,0,224276.69690870907,418964.0788288944
0,SIRANDORUNG,0,224276.69690870907,418948.0788288944
0,SIRANDORUNG,0,224300.69690870907,418956.0788288944
0,SIRANDORUNG,0,224276.69690870907,418924.0788288944
0,SIRANDORUNG,0,224284.69690870907,418932.0788288944
0,SIRANDORUNG,0,224276.69690870907,418932.0788288944
0,SIRANDORUNG,0,224292.69690870907,418948.0788288944
0,SIRANDORUNG,0,224300.69690870907,418964.0788288944
0,SIRANDORUNG,0,224276.69690870907,418940.0788288944
0,SIRANDORUNG,0,224300.69690870907,418940.0788288944
0,SIRANDORUNG,0,224260.69690870907,418948.0788288944
0,SIRANDORUNG,0,224284.69690870907,418948.0788288944
0,SIRANDORUNG,0,224308.69690870907,418892.0788288944
0,SIRANDORUNG,0,224300.69690870907,418892.0788288944
0,SIRANDORUNG,0,224300.69690870907,418900.0788288944
0,SIRANDORUNG,0,224260.69690870907,419116.0788288944
0,SIRANDORUNG,0,224220.69690870907,419124.0788288944
0,SIRANDORUNG,0,224260.69690870907,419076.0788288944
0,SIRANDORUNG,0,224228.69690870907,419068.0788288944
0,SIRANDORUNG,0,224244.69690870907,419116.0788288944
0,SIRANDORUNG,0,224172.69690870907,419124.0788288944
0,SIRANDORUNG,0,224236.69690870907,419140.0788288944
0,SIRANDORUNG,0,224220.69690870907,419148.0788288944
0,SIRANDORUNG,0,224260.69690870907,419140.0788288944
0,SIRANDORUNG,0,224180.69690870907,419132.0788288944
0,SIRANDORUNG,0,224188.69690870907,419124.0788288944
0,SIRANDORUNG,0,224228.69690870907,419060.0788288944
0,SIRANDORUNG,0,224236.69690870907,419068.0788288944
0,SIRANDORUNG,1,224292.69690870907,419044.0788288944
0,SIRANDORUNG,0,224228.69690870907,419124.0788288944
0,SIRANDORUNG,0,224252.69690870907,419060.0788288944
0,SIRANDORUNG,-1,224236.69690870907,419156.0788288944
0,SIRANDORUNG,0,224276.69690870907,419060.0788288944
0,SIRANDORUNG,0,224276.69690870907,419068.0788288944
0,SIRANDORUNG,0,224260.69690870907,419092.0788288944
0,SIRANDORUNG,0,224260.69690870907,419084.0788288944
0,SIRANDORUNG,0,224196.69690870907,419124.0788288944
0,SIRANDORUNG,0,224284.69690870907,419060.0788288944
0,SIRANDORUNG,0,224212.69690870907,419116.0788288944
0,SIRANDORUNG,1,224284.69690870907,419036.0788288944
0,SIRANDORUNG,0,224332.69690870907,418900.0788288944
0,SIRANDORUNG,0,224324.69690870907,418908.0788288944
0,SIRANDORUNG,0,224324.69690870907,418916.0788288944
0,SIRANDORUNG,0,224316.69690870907,418924.0788288944
0,SIRANDORUNG,0,224332.69690870907,418908.0788288944
0,SIRANDORUNG,0,224340.69690870907,418948.0788288944
0,SIRANDORUNG,0,224340.69690870907,418940.0788288944
0,SIRANDORUNG,0,224348.69690870907,418948.0788288944
0,SIRANDORUNG,0,224332.69690870907,418940.0788288944
0,SIRANDORUNG,0,224332.69690870907,418932.0788288944
0,SIRANDORUNG,0,224332.69690870907,418956.0788288944
0,SIRANDORUNG,0,224324.69690870907,418956.0788288944
0,SIRANDORUNG,1,224340.69690870907,418932.0788288944
0,SIRANDORUNG,0,224340.69690870907,418924.0788288944
0,SIRANDORUNG,0,224332.69690870907,418948.0788288944
0,SIRANDORUNG,0,224340.69690870907,418956.0788288944
0,SIRANDORUNG,0,224324.69690870907,418948.0788288944
0,SIRANDORUNG,0,224348.69690870907,418908.0788288944
0,SIRANDORUNG,28,235716.69690870907,419308.0788288944
0,SIRANDORUNG,22,231748.69690870907,427036.0788288944
0,SIRANDORUNG,3,228764.69690870907,424356.0788288944
0,SIRANDORUNG,2,228780.69690870907,421500.0788288944
0,SIRANDORUNG,528,236676.69690870907,430212.0788288944
0,SIRANDORUNG,33,233500.69690870907,429412.0788288944
0,SIRANDORUNG,3,226844.69690870907,419236.0788288944
0,SIRANDORUNG,3,229244.69690870907,418164.0788288944
0,SIRANDORUNG,96,236876.69690870907,424404.0788288944
0,SIRANDORUNG,49,234260.69690870907,424276.0788288944
0,SIRANDORUNG,1,229124.69690870907,424684.0788288944
0,SIRANDORUNG,26,229668.69690870907,428436.0788288944
0,SIRANDORUNG,0,227764.69690870907,420196.0788288944
0,SIRANDORUNG,2,232356.69690870907,419636.0788288944
0,SIRANDORUNG,3,228668.69690870907,417748.0788288944
0,SIRANDORUNG,28,234628.69690870907,420772.0788288944
0,SIRANDORUNG,2,226844.69690870907,425828.0788288944
0,SIRANDORUNG,18,230516.69690870907,423748.0788288944
0,SIRANDORUNG,256,236564.69690870907,425548.0788288944
0,SIRANDORUNG,1,231748.69690870907,420324.0788288944
0,SIRANDORUNG,34,233996.69690870907,421916.0788288944
0,SIRANDORUNG,-1,230852.69690870907,419884.0788288944
0,SIRANDORUNG,4,228636.69690870907,417924.0788288944
0,SIRANDORUNG,512,239588.69690870907,427532.0788288944
0,SIRANDORUNG,4,229252.69690870907,426308.0788288944
0,SORKAM BARAT,-5,212316.69690870907,444908.0788288944
0,SORKAM BARAT,-5,212276.69690870907,444884.0788288944
0,SORKAM BARAT,-5,212284.69690870907,444892.0788288944
0,SORKAM BARAT,-5,212316.69690870907,444884.0788288944
0,SORKAM BARAT,-5,212276.69690870907,444876.0788288944
0,SORKAM BARAT,-5,212308.69690870907,444892.0788288944
0,SORKAM BARAT,-5,212324.69690870907,444876.0788288944
0,SORKAM BARAT,-5,212324.69690870907,444908.0788288944
0,SORKAM BARAT,-5,212292.69690870907,444876.0788288944
0,SORKAM BARAT,-5,212316.69690870907,444868.0788288944
0,SORKAM BARAT,-5,212300.69690870907,444884.0788288944
0,SORKAM BARAT,-5,212316.69690870907,444892.0788288944
0,SORKAM BARAT,-5,212292.69690870907,444884.0788288944
0,SORKAM BARAT,-5,212284.69690870907,444868.0788288944
0,SORKAM BARAT,-5,212308.69690870907,444900.0788288944
0,SORKAM BARAT,-6,212340.69690870907,444908.0788288944
0,SORKAM BARAT,-5,212300.69690870907,444876.0788288944
0,SORKAM BARAT,-5,212316.69690870907,444900.0788288944
0,SORKAM BARAT,-5,212276.69690870907,444892.0788288944
0,SORKAM BARAT,-5,212308.69690870907,444884.0788288944
0,SORKAM BARAT,-5,212324.69690870907,444892.0788288944
0,SORKAM BARAT,-5,212284.69690870907,444876.0788288944
0,SORKAM BARAT,-5,212300.69690870907,444892.0788288944
0,SORKAM BARAT,-6,212324.69690870907,444868.0788288944
0,SORKAM BARAT,-5,212292.69690870907,444900.0788288944
0,SORKAM BARAT,-6,212804.69690870907,445252.0788288944
0,SORKAM BARAT,-5,212860.69690870907,445252.0788288944
0,SORKAM BARAT,-6,212948.69690870907,445276.0788288944
0,SORKAM BARAT,-5,212708.69690870907,445188.0788288944
0,SORKAM BARAT,-5,212764.69690870907,445220.0788288944
0,SORKAM BARAT,-5,212700.69690870907,445180.0788288944
0,SORKAM BARAT,-5,212708.69690870907,445172.0788288944
0,SORKAM BARAT,-5,212796.69690870907,445236.0788288944
0,SORKAM BARAT,-5,212812.69690870907,445228.0788288944
0,SORKAM BARAT,-5,212660.69690870907,445148.0788288944
0,SORKAM BARAT,-5,212676.69690870907,445164.0788288944
0,SORKAM BARAT,-5,212868.69690870907,445244.0788288944
0,SORKAM BARAT,-5,212908.69690870907,445252.0788288944
0,SORKAM BARAT,-6,212836.69690870907,445252.0788288944
0,SORKAM BARAT,-6,212884.69690870907,445260.0788288944
0,SORKAM BARAT,-5,212724.69690870907,445196.0788288944
0,SORKAM BARAT,-6,212604.69690870907,445140.0788288944
0,SORKAM BARAT,-5,212692.69690870907,445164.0788288944
0,SORKAM BARAT,-5,212652.69690870907,445148.0788288944
0,SORKAM BARAT,-6,212860.69690870907,445260.0788288944
0,SORKAM BARAT,-5,212700.69690870907,445172.0788288944
0,SORKAM BARAT,-5,212772.69690870907,445228.0788288944
0,SORKAM BARAT,-5,212676.69690870907,445172.0788288944
0,SORKAM BARAT,-5,212900.69690870907,445260.0788288944
0,SORKAM BARAT,-5,212772.69690870907,445220.0788288944
0,SORKAM BARAT,15,214164.69690870907,448908.0788288944
0,SORKAM BARAT,20,211228.69690870907,450820.0788288944
0,SORKAM BARAT,21,211812.69690870907,452428.0788288944
0,SORKAM BARAT,252,215996.69690870907,453708.0788288944
0,SORKAM BARAT,101,216004.69690870907,450588.0788288944
0,SORKAM BARAT,7,209428.69690870907,453908.0788288944
0,SORKAM BARAT,53,217468.69690870907,455036.0788288944
0,SORKAM BARAT,31,217844.69690870907,455108.0788288944
0,SORKAM BARAT,283,217452.69690870907,453804.0788288944
0,SORKAM BARAT,56,213132.69690870907,453180.0788288944
0,SORKAM BARAT,4,209740.69690870907,452044.0788288944
0,SORKAM BARAT,1,212292.69690870907,455812.0788288944
0,SORKAM BARAT,6,211092.69690870907,453756.0788288944
0,SORKAM BARAT,236,217044.69690870907,454196.0788288944
0,SORKAM BARAT,4,209924.69690870907,451220.0788288944
0,SORKAM BARAT,41,214508.69690870907,455108.0788288944
0,SORKAM BARAT,2,213428.69690870907,447324.0788288944
0,SORKAM BARAT,96,214332.69690870907,452372.0788288944
0,SORKAM BARAT,8,212724.69690870907,454772.0788288944
0,SORKAM BARAT,10,213284.69690870907,453660.0788288944
0,SORKAM BARAT,24,211708.69690870907,451004.0788288944
0,SORKAM BARAT,9,214020.69690870907,449452.0788288944
0,SORKAM BARAT,3,213156.69690870907,448220.0788288944
0,SORKAM BARAT,32,216332.69690870907,454924.0788288944
0,SORKAM BARAT,6,213940.69690870907,455388.0788288944
0,SUKABANGUN,14,159844.69690870907,490532.0788288944
0,SUKABANGUN,13,161460.69690870907,487316.0788288944
0,SUKABANGUN,14,162148.69690870907,488012.0788288944
0,SUKABANGUN,12,161804.69690870907,490772.0788288944
0,SUKABANGUN,83,164860.69690870907,489604.0788288944
0,SUKABANGUN,13,160196.69690870907,491900.0788288944
0,SUKABANGUN,142,164596.69690870907,488588.0788288944
0,SUKABANGUN,29,166748.69690870907,488636.0788288944
0,SUKABANGUN,17,160100.69690870907,493844.0788288944
0,SUKABANGUN,13,160916.69690870907,492908.0788288944
0,SUKABANGUN,11,161916.69690870907,489132.0788288944
0,SUKABANGUN,10,161892.69690870907,489380.0788288944
0,SUKABANGUN,11,160452.69690870907,487316.0788288944
0,SUKABANGUN,36,164556.69690870907,489732.0788288944
0,SUKABANGUN,13,169812.69690870907,488036.0788288944
0,SUKABANGUN,12,162940.69690870907,490876.0788288944
0,SUKABANGUN,17,162364.69690870907,495596.0788288944
0,SUKABANGUN,13,160924.69690870907,489844.0788288944
0,SUKABANGUN,7,169796.69690870907,487972.0788288944
0,SUKABANGUN,14,160644.69690870907,492476.0788288944
0,SUKABANGUN,6,168876.69690870907,488852.0788288944
0,SUKABANGUN,18,160612.69690870907,495092.0788288944
0,SUKABANGUN,16,160028.69690870907,493780.0788288944
0,SUKABANGUN,23,161316.69690870907,497436.0788288944
0,SUKABANGUN,15,161124.69690870907,487012.0788288944
0,lainnya,37,211076.69690870907,458396.0788288944
0,lainnya,10,243164.69690870907,411924.0788288944
0,lainnya,834,224548.69690870907,444116.0788288944
0,lainnya,662,181420.69690870907,492628.0788288944
0,lainnya,24,164700.69690870907,498628.0788288944
0,lainnya,7,199412.69690870907,460924.0788288944
0,lainnya,473,195460.69690870907,482076.0788288944
0,lainnya,10,200876.69690870907,460060.0788288944
0,lainnya,91,170540.69690870907,496348.0788288944
0,lainnya,25,243748.69690870907,409300.0788288944
0,lainnya,341,231924.69690870907,443956.0788288944
0,lainnya,683,195612.69690870907,484444.0788288944
0,lainnya,153,250796.69690870907,414588.0788288944
0,lainnya,235,173572.69690870907,501132.0788288944
0,lainnya,141,169932.69690870907,471652.0788288944
0,lainnya,12,163172.69690870907,489060.0788288944
0,lainnya,578,194092.69690870907,484580.0788288944
0,lainnya,12,160236.69690870907,490580.0788288944
0,lainnya,484,201220.69690870907,479996.0788288944
0,lainnya,767,180948.69690870907,498116.0788288944
0,lainnya,574,179364.69690870907,497484.0788288944
0,lainnya,31,241700.69690870907,412868.0788288944
0,lainnya,309,183580.69690870907,490884.0788288944
0,lainnya,36,226308.69690870907,436268.0788288944
0,lainnya,55,225388.69690870907,437668.0788288944
0,lainnya,757,183084.69690870907,496764.0788288944
0,lainnya,3,169996.69690870907,475260.0788288944
0,lainnya,691,225684.69690870907,451188.0788288944
0,lainnya,43,223540.69690870907,438220.0788288944
0,lainnya,171,219108.69690870907,462564.0788288944
0,lainnya,9,242052.69690870907,412340.0788288944
0,lainnya,1,168532.69690870907,474500.0788288944
0,lainnya,595,222252.69690870907,451580.0788288944
0,lainnya,396,193220.69690870907,484452.0788288944
0,lainnya,57,207500.69690870907,465308.0788288944
0,lainnya,217,212580.69690870907,464108.0788288944
0,lainnya,374,203180.69690870907,477428.0788288944
0,lainnya,747,187956.69690870907,494444.0788288944
0,lainnya,3,230060.69690870907,418468.0788288944
0,lainnya,33,228644.69690870907,430620.0788288944
0,lainnya,191,178508.69690870907,489148.0788288944
0,lainnya,5,206428.69690870907,454908.0788288944
0,lainnya,1,226364.69690870907,429244.0788288944
0,lainnya,19,219004.69690870907,455532.0788288944
0,lainnya,165,177228.69690870907,490156.0788288944
0,lainnya,0,176508.69690870907,480036.0788288944
0,lainnya,296,179332.69690870907,494956.0788288944
0,lainnya,154,248636.69690870907,415324.0788288944
0,lainnya,859,179420.69690870907,499484.0788288944
0,lainnya,510,185276.69690870907,490620.0788288944
0,lainnya,71,238468.69690870907,423628.0788288944
0,lainnya,1,167212.69690870907,475876.0788288944
0,lainnya,3,206460.69690870907,453644.0788288944
0,lainnya,5,209044.69690870907,458740.0788288944
0,lainnya,3,168764.69690870907,474060.0788288944
0,lainnya,-1,205268.69690870907,459060.0788288944
0,lainnya,5,237364.69690870907,410964.0788288944
0,lainnya,142,221724.69690870907,442916.0788288944
0,lainnya,402,183004.69690870907,492764.0788288944
0,lainnya,233,217148.69690870907,464828.0788288944
0,lainnya,67,219428.69690870907,460196.0788288944
0,lainnya,14,232380.69690870907,421420.0788288944
0,lainnya,165,181108.69690870907,442812.0788288944
0,lainnya,77,234860.69690870907,427916.0788288944
0,lainnya,136,218676.69690870907,463420.0788288944
0,lainnya,255,217892.69690870907,461356.0788288944
0,lainnya,231,180652.69690870907,450932.0788288944
0,lainnya,289,189348.69690870907,484716.0788288944
0,lainnya,10,162004.69690870907,491340.0788288944
0,lainnya,695,196468.69690870907,481260.0788288944
0,lainnya,7,200156.69690870907,460188.0788288944
0,lainnya,561,187812.69690870907,490668.0788288944
0,lainnya,65,165844.69690870907,491844.0788288944
0,lainnya,4,160172.69690870907,479508.0788288944
0,lainnya,4,242492.69690870907,406140.0788288944
0,lainnya,10,167636.69690870907,488652.0788288944
0,lainnya,360,211604.69690870907,474420.0788288944
0,lainnya,980,229100.69690870907,455076.0788288944
0,lainnya,802,180316.69690870907,499212.0788288944
